contact ,talk ,log ,call ,uri ,store ,item ,work ,action ,conversationlist ,cach ,outgo ,read ,verbos ,bunch ,contain ,mediametadataretriev ,master ,hide ,updat ,option ,bar ,file ,menu ,fix ,Cimpact
0,0,0,0,0,0,0,0,0,0,0,0,0,0,0,0,0,0,0,0,5.078951341,0,0,0,0,B
16.92381774,0,0,0,0,0,0,0,0,0,0,0,0,0,0,0,0,0,0,8.157902683,0,0,0,0,0,A
0,0,0,0,4.815916936,0,0,8.46190887,0,0,0,0,0,0,0,0,0,0,0,0,0,0,0,0,0,C
0,0,0,0,0,0,0,0,0,0,0,0,0,0,0,0,0,0,0,0,0,0,0,0,0,C
0,0,0,0,0,0,0,0,0,0,0,0,0,0,0,0,0,0,0,0,0,0,0,0,0,A
0,0,7.631833871,0,0,0,0,0,0,0,0,0,0,0,0,0,0,0,0,0,0,0,0,0,0,C
0,0,0,0,0,0,0,0,0,0,0,0,0,0,0,0,0,0,0,0,0,0,0,0,0,A
0,0,7.631833871,0,0,0,0,0,0,0,0,0,0,0,0,0,0,0,0,0,0,0,0,0,0,B
0,5.078951341,0,8.157902683,0,0,0,0,9.187049028,0,0,5.815916936,5.815916936,0,0,0,0,0,0,0,0,0,0,0,0,C
0,0,0,0,0,0,0,0,0,0,0,0,0,0,0,0,0,0,0,0,0,0,0,0,0,A
0,0,3.815916936,0,0,0,0,0,0,0,0,0,0,0,0,0,0,0,0,0,0,0,0,0,0,B
0,0,0,0,0,0,0,0,0,0,0,0,0,0,0,0,0,0,0,0,0,0,0,0,0,A
0,0,0,0,0,0,3.941447818,0,0,0,0,0,0,0,0,0,0,0,0,0,0,0,0,0,0,A
0,0,0,0,0,0,0,0,0,0,0,0,0,0,0,0,0,0,0,0,0,0,0,0,0,A
0,5.078951341,0,0,0,0,0,0,0,0,0,0,0,0,0,0,0,0,0,0,0,0,0,0,0,C
0,0,0,0,0,0,0,0,0,0,0,5.815916936,0,0,0,0,0,0,0,0,0,0,0,0,0,B
4.230954435,0,0,0,0,0,0,0,0,0,0,0,0,0,0,0,0,0,0,0,0,0,0,0,0,B
0,0,0,0,0,0,0,0,0,0,0,0,0,0,0,0,0,0,0,0,0,0,0,0,0,A
0,0,7.631833871,0,0,0,0,0,0,0,0,0,0,0,0,0,0,0,0,0,0,0,0,0,0,A
0,0,7.631833871,0,0,0,0,0,0,0,0,0,0,11.63183387,0,0,0,0,0,0,0,0,0,0,0,C
0,0,0,0,0,0,0,0,0,0,0,0,0,0,11.63183387,0,0,0,0,0,0,0,0,0,0,C
0,0,7.631833871,0,0,0,0,0,0,0,0,0,0,11.63183387,0,0,0,0,0,0,0,0,0,0,0,C
0,0,0,0,0,0,0,0,0,0,0,0,0,0,0,0,0,0,0,0,0,0,0,0,0,A
0,0,0,0,0,0,0,0,0,0,0,0,0,0,0,0,0,0,0,0,0,0,0,0,0,A
0,0,0,0,0,0,0,0,4.593524514,0,0,0,0,0,0,0,0,0,0,0,0,5.078951341,0,0,0,A
0,0,0,0,4.815916936,0,0,8.46190887,0,0,0,0,0,0,0,5.815916936,0,0,0,8.157902683,0,5.078951341,0,0,0,C
0,0,0,0,0,0,0,0,0,0,0,0,0,0,0,0,0,0,0,0,0,0,0,0,0,B
0,0,0,0,0,0,0,0,0,0,0,0,0,0,5.815916936,0,0,0,0,0,0,0,0,0,0,C
0,0,3.815916936,0,0,0,0,0,0,0,0,0,0,5.815916936,0,0,0,0,0,0,0,0,0,0,0,C
0,0,0,0,0,4.815916936,0,0,0,4.593524514,0,0,0,0,0,0,0,0,0,0,0,0,0,0,0,B
0,0,0,0,0,4.815916936,0,0,0,4.593524514,0,0,0,0,0,0,0,0,0,0,0,0,0,0,0,A
0,0,0,0,0,0,0,0,0,0,0,0,0,0,0,0,0,0,0,0,0,0,0,0,0,A
0,0,0,0,0,0,0,0,0,0,0,0,0,0,0,0,0,0,0,0,0,0,0,0,0,A
0,0,0,0,0,0,0,0,0,0,0,0,0,0,0,0,0,0,0,0,0,0,0,0,0,A
0,0,0,0,0,0,0,0,0,0,0,0,0,0,0,0,0,0,0,0,0,0,10.15790268,0,0,C
0,0,0,0,0,0,0,0,0,0,0,0,0,0,0,0,0,0,0,0,0,0,0,0,0,A
0,0,0,0,0,0,0,0,0,0,0,0,0,0,0,0,0,0,0,0,0,0,0,0,0,A
0,5.078951341,0,0,0,0,0,0,0,4.593524514,0,0,0,0,0,0,0,0,0,0,0,0,0,5.078951341,4.593524514,C
0,0,0,0,0,0,19.70723909,0,0,0,0,11.63183387,0,0,0,0,0,0,0,0,0,0,0,0,0,B
0,0,0,0,0,0,0,0,0,0,0,0,0,0,0,0,0,0,0,0,5.078951341,0,0,0,0,A
0,0,0,0,0,0,0,0,0,0,0,0,0,0,0,0,0,0,0,0,5.078951341,0,0,0,0,A
0,0,0,0,0,0,0,0,0,0,0,0,0,0,0,0,0,0,0,0,0,0,0,5.078951341,0,A
12.6928633,0,0,0,0,0,0,0,0,0,0,0,0,0,0,0,0,0,0,0,0,0,0,0,0,B
0,0,0,0,0,0,0,0,0,0,0,0,0,0,0,0,0,0,0,0,0,0,0,0,0,A
0,0,0,0,0,0,0,0,0,0,0,0,0,0,0,0,0,0,0,0,0,0,0,0,0,A
0,0,0,0,0,0,0,0,0,0,0,0,0,0,0,0,0,0,0,0,0,0,0,0,0,A
0,0,0,0,0,0,0,0,0,0,0,0,0,0,0,0,0,0,0,0,0,0,0,0,0,A
0,0,0,0,0,0,0,0,0,0,0,0,0,0,0,0,0,0,0,0,0,0,0,0,0,A
0,0,0,0,0,0,0,0,0,0,0,0,0,0,0,0,0,0,0,0,0,0,0,0,0,C
0,0,0,0,0,0,0,4.230954435,0,0,0,0,0,0,0,0,0,0,0,0,0,0,0,0,0,A
0,0,0,0,0,0,0,0,0,0,0,0,0,0,0,0,0,0,0,0,0,0,0,0,0,A
0,0,0,0,0,0,0,0,0,0,0,0,0,0,0,0,0,0,0,0,0,0,0,0,0,A
0,0,0,0,0,0,0,0,0,0,0,0,0,0,0,0,0,0,0,0,0,0,0,0,0,A
0,0,0,0,0,0,0,0,0,0,0,0,0,0,0,0,0,0,0,0,0,0,0,0,0,C
0,0,0,4.078951341,0,0,0,0,0,0,0,0,0,0,0,0,5.815916936,0,0,0,0,0,0,0,0,B
0,0,0,0,0,0,0,0,0,0,0,0,0,0,0,0,0,0,0,0,0,0,0,0,0,A
0,0,0,0,0,0,0,0,0,0,0,0,0,0,0,0,0,0,0,0,0,0,0,0,0,A
0,0,0,0,0,0,0,0,0,4.593524514,0,0,0,0,0,0,0,0,0,0,0,0,0,0,0,B
0,0,0,0,0,0,0,0,0,0,0,0,0,0,0,0,0,0,0,0,0,0,0,0,0,B
0,0,0,0,0,0,0,0,0,0,0,0,0,0,0,0,0,0,0,0,0,0,0,0,0,A
0,0,0,0,0,0,0,0,0,0,0,0,0,0,0,0,0,0,0,0,0,0,0,0,0,A
0,0,0,0,0,0,0,0,0,0,0,0,0,0,0,0,0,0,0,0,0,0,0,0,0,A
0,0,0,0,0,0,0,0,0,0,0,0,0,0,0,0,0,0,0,0,0,0,0,0,0,A
0,0,0,0,0,0,0,0,0,0,0,0,0,0,0,5.815916936,0,0,0,0,0,0,0,0,0,B
0,0,0,0,0,0,0,0,0,0,0,0,0,0,0,0,0,0,0,0,0,0,0,0,0,A
0,0,0,0,0,0,0,0,0,0,0,0,0,0,0,0,0,5.815916936,0,4.078951341,0,0,0,0,4.593524514,B
0,0,0,4.078951341,0,0,0,0,0,0,0,0,0,0,0,0,0,0,0,0,0,0,0,0,0,A
0,0,0,0,0,0,0,0,0,0,0,0,0,0,0,0,0,0,0,0,0,0,0,0,0,B
0,0,0,0,0,0,0,4.230954435,0,4.593524514,0,0,0,0,0,0,0,0,0,4.078951341,0,0,0,0,9.187049028,C
0,0,0,0,0,0,0,12.6928633,0,0,0,0,0,0,0,0,0,0,0,0,0,0,0,0,0,A
0,0,0,0,0,0,0,0,0,0,0,0,0,0,0,0,0,0,0,0,0,0,0,0,0,A
0,0,0,0,0,0,0,0,0,0,0,0,0,0,0,0,0,0,0,0,0,0,0,10.15790268,0,A
0,0,0,4.078951341,0,4.815916936,7.882895635,0,0,0,0,0,0,0,0,0,0,0,0,0,0,0,0,0,0,B
0,0,0,0,0,0,0,0,0,0,0,0,0,0,0,0,0,0,0,0,0,0,0,0,0,B
0,0,3.815916936,0,0,0,0,0,0,0,0,0,0,0,0,0,0,0,0,0,0,0,0,0,0,B
0,0,0,0,0,0,0,0,0,0,0,0,0,0,0,0,0,0,0,0,0,0,0,0,0,A
0,0,0,0,0,0,0,0,0,0,0,0,0,0,0,0,0,0,0,0,0,0,0,0,0,A
0,0,0,0,0,0,0,0,0,0,0,0,0,0,0,0,0,0,0,0,0,0,0,0,0,B
0,0,0,0,0,0,0,0,0,0,0,0,0,0,0,0,0,0,0,0,0,0,0,0,9.187049028,A
0,0,0,0,0,0,0,0,0,0,0,0,0,0,0,0,0,0,0,0,0,0,0,0,0,A
0,0,0,0,0,0,0,0,0,0,0,0,0,0,0,0,0,0,0,0,0,0,0,0,0,B
0,0,0,0,0,0,0,0,0,0,0,0,0,0,0,0,0,0,0,0,0,0,0,0,0,B
0,0,0,0,0,0,0,0,0,0,0,0,0,0,0,0,0,0,0,0,0,0,0,0,0,A
0,0,0,0,0,0,0,0,0,0,0,0,0,0,0,0,0,0,0,0,0,0,0,0,0,A
0,0,0,0,4.815916936,4.815916936,0,0,0,0,0,0,0,0,0,0,0,0,0,0,0,0,10.15790268,0,0,C
0,0,0,0,0,0,0,0,0,0,0,0,0,0,0,0,0,0,0,0,0,0,0,0,0,B
0,0,0,0,0,0,0,0,0,0,0,0,0,0,0,0,0,0,0,0,0,0,0,0,0,A
0,0,0,0,0,0,0,0,4.593524514,0,0,0,0,0,0,0,0,0,5.815916936,0,0,5.078951341,0,0,0,A
0,0,0,0,0,0,0,4.230954435,0,0,0,0,0,0,0,0,0,0,0,4.078951341,0,0,0,0,0,A
0,0,0,0,0,0,0,0,0,0,0,0,0,0,0,0,0,0,0,0,0,0,0,0,0,A
0,0,0,0,0,0,0,0,0,0,0,0,0,0,0,0,0,0,0,0,0,0,0,0,0,A
0,0,0,0,0,0,7.882895635,0,0,0,0,0,0,0,0,0,0,0,0,0,0,0,0,0,0,C
0,5.078951341,0,0,0,0,0,0,4.593524514,4.593524514,0,0,0,0,0,0,0,0,0,0,5.078951341,0,5.078951341,0,0,A
0,0,0,0,0,0,0,0,0,0,0,0,0,0,0,0,0,0,0,0,0,0,0,0,0,A
0,0,0,0,0,0,0,0,0,0,0,0,0,0,0,0,0,0,0,0,0,0,0,0,0,A
0,0,0,0,0,0,3.941447818,0,0,0,0,0,0,0,0,0,0,0,0,0,0,0,0,0,0,A
0,0,0,8.157902683,0,0,0,4.230954435,0,0,0,0,0,0,0,0,0,0,0,0,0,0,0,5.078951341,0,C
0,0,0,0,0,0,0,0,4.593524514,0,4.593524514,0,0,0,0,0,0,0,0,0,0,0,0,0,4.593524514,A
0,5.078951341,0,0,0,0,3.941447818,0,0,4.593524514,0,0,0,0,0,0,0,0,0,0,0,0,0,0,0,C
0,0,0,0,0,0,0,0,0,0,0,0,11.63183387,0,0,0,0,5.815916936,0,0,0,0,0,0,0,A
0,0,0,0,0,0,0,0,0,0,0,0,0,0,0,0,0,11.63183387,0,0,0,0,0,0,0,C
0,0,0,0,0,0,3.941447818,0,0,0,0,0,0,0,0,0,0,0,0,0,0,0,0,0,0,B
0,0,0,0,0,0,3.941447818,0,0,0,0,0,0,0,0,0,0,0,0,0,0,0,0,0,0,A
0,0,0,0,0,0,0,0,0,0,0,0,0,0,0,0,0,0,0,0,0,0,0,0,0,A
0,0,0,0,0,0,0,0,0,0,0,0,0,0,0,0,0,0,0,0,0,0,0,0,0,A
0,0,0,0,0,0,0,0,0,0,0,0,0,0,0,0,0,0,0,0,0,0,0,0,0,A
0,0,0,0,0,0,0,0,0,0,0,0,0,0,0,0,0,0,0,0,0,0,0,0,0,A
0,0,0,0,0,0,0,0,0,0,0,0,0,0,0,0,0,0,0,0,0,0,0,0,0,A
0,0,0,0,0,0,3.941447818,0,0,0,0,0,0,0,0,0,0,0,0,0,0,0,0,5.078951341,0,C
0,0,0,0,0,0,0,0,0,0,0,0,0,0,0,0,0,0,0,0,0,0,0,0,0,C
0,0,0,0,0,0,0,0,0,0,0,0,0,0,0,0,0,0,0,0,0,0,0,0,0,A
0,0,0,0,0,0,0,0,0,0,0,0,5.815916936,0,0,0,0,0,0,0,0,0,0,0,0,B
0,0,0,0,0,0,0,0,0,0,0,0,0,0,0,0,0,0,0,0,0,0,0,0,0,A
0,0,0,0,0,0,0,0,0,0,0,0,0,0,0,0,0,0,0,0,0,0,0,0,0,A
0,0,3.815916936,0,0,0,0,0,0,0,0,0,0,0,0,0,0,0,0,0,0,0,0,0,0,B
0,0,0,0,0,0,0,0,0,0,0,0,0,0,0,0,0,0,0,0,0,0,0,0,0,B
12.6928633,0,0,0,4.815916936,0,0,4.230954435,0,0,0,0,0,0,0,0,0,0,0,0,0,0,0,0,0,C
0,0,0,0,4.815916936,0,0,0,0,0,0,0,0,0,0,0,0,0,0,0,0,0,0,0,0,A
0,0,0,0,0,0,0,0,4.593524514,0,0,0,0,0,0,0,0,0,0,0,0,5.078951341,0,0,0,A
0,0,0,0,0,0,3.941447818,0,0,0,0,0,0,0,0,0,0,0,0,0,0,0,0,0,0,A
0,0,0,0,0,0,0,0,0,0,0,0,0,0,0,0,0,0,0,0,0,0,0,0,0,B
0,0,0,0,0,0,0,0,0,0,0,0,0,0,0,0,0,0,0,0,0,0,0,0,0,A
0,0,0,0,0,0,0,0,0,0,0,0,0,0,0,0,0,0,0,0,0,0,0,0,0,A
0,0,0,0,0,0,0,0,0,0,0,0,0,0,0,0,0,0,5.815916936,0,0,0,5.078951341,0,0,A
0,0,0,0,0,0,0,0,0,0,0,0,0,0,0,0,0,0,0,0,0,0,0,0,0,B
0,0,3.815916936,0,0,0,0,0,0,0,0,0,0,0,0,0,0,0,0,0,0,0,0,0,0,B
0,0,0,0,0,0,0,0,0,0,0,0,0,0,0,0,0,0,0,0,0,0,0,0,0,B
0,0,0,0,0,0,0,0,0,0,0,0,0,0,0,0,0,0,0,0,0,0,0,0,0,A
0,0,0,0,0,0,0,0,0,0,0,0,0,0,0,0,0,0,0,0,0,0,0,0,0,A
0,0,0,0,0,0,0,0,0,0,4.593524514,0,0,0,0,0,0,0,0,0,0,0,0,0,4.593524514,A
0,0,0,0,0,0,0,0,0,0,0,0,0,0,0,0,0,0,0,0,0,0,0,0,0,A
0,0,0,0,0,0,0,0,0,0,0,0,0,0,0,0,0,0,0,0,0,0,0,0,0,B
0,0,0,0,0,0,0,0,0,0,0,0,0,0,0,0,0,0,0,0,0,0,0,0,0,A
0,0,0,0,0,0,0,0,0,0,0,0,0,0,0,0,0,0,0,0,0,0,0,0,0,A
0,0,0,0,0,0,0,0,0,0,0,0,0,0,0,0,0,0,0,4.078951341,0,0,0,0,0,A
0,0,0,0,0,0,0,0,0,0,0,0,0,0,0,0,0,0,0,0,0,0,0,0,0,A
0,0,0,0,0,0,0,0,0,0,0,0,0,0,0,0,0,0,0,0,0,0,0,0,0,A
0,0,0,4.078951341,0,0,0,0,0,0,0,0,0,0,0,0,11.63183387,0,0,0,0,0,0,0,0,A
0,0,0,0,0,0,0,0,0,0,0,0,0,0,0,0,0,0,0,0,0,0,0,0,4.593524514,B
0,0,0,0,0,0,0,0,0,0,0,0,0,0,0,0,0,0,0,4.078951341,0,0,0,0,0,B
0,0,0,0,0,0,3.941447818,0,0,0,0,0,0,0,0,0,0,0,5.815916936,0,0,0,0,0,0,B
0,0,0,0,0,0,0,0,0,0,0,0,0,0,0,0,0,0,0,0,0,0,0,0,0,A
0,0,0,0,0,0,0,0,4.593524514,0,0,0,0,0,0,0,0,0,0,0,0,5.078951341,0,0,0,A
0,0,0,0,0,0,0,0,0,0,0,0,0,0,0,0,0,0,0,0,0,0,0,0,0,B
0,0,0,0,0,0,0,0,0,0,0,0,0,0,0,0,0,0,0,0,5.078951341,0,0,0,0,A
12.6928633,0,0,0,0,0,0,0,0,0,4.593524514,0,0,0,0,0,0,0,0,0,0,0,0,0,0,C
4.230954435,0,0,0,0,0,0,0,0,0,9.187049028,0,0,0,0,0,0,0,0,4.078951341,0,0,0,0,0,C
4.230954435,0,0,0,0,0,0,0,0,0,4.593524514,0,0,0,0,0,0,0,0,0,0,0,0,0,0,C
0,0,0,0,0,0,0,0,0,0,4.593524514,0,0,0,0,0,0,0,0,0,0,0,0,0,0,C
0,0,3.815916936,12.23685402,0,0,0,0,0,0,0,0,0,0,5.815916936,5.815916936,0,0,0,8.157902683,0,0,0,0,0,C
0,0,0,8.157902683,0,0,0,0,0,0,0,0,0,0,0,0,17.44775081,0,0,0,0,0,0,0,0,B
0,0,0,4.078951341,0,0,0,0,0,0,0,0,0,0,0,0,0,0,0,0,0,0,0,0,0,A
0,0,0,0,0,0,0,0,0,0,0,0,0,0,0,0,0,0,0,0,0,0,0,0,0,A
0,0,0,0,0,0,0,0,0,0,0,0,0,0,0,0,0,0,0,0,0,0,0,0,0,A
0,0,0,0,0,0,0,0,0,0,0,0,0,0,0,0,0,0,0,0,0,0,0,0,0,A
0,0,0,0,0,0,0,4.230954435,0,0,0,0,0,0,0,0,0,0,0,0,0,0,0,0,0,A
0,0,0,0,0,0,0,0,0,0,0,0,0,0,0,0,0,0,0,0,0,0,0,0,0,A
0,0,11.44775081,0,0,0,0,0,0,0,0,0,0,0,0,0,0,0,0,0,0,0,0,0,0,B
0,0,0,0,0,0,0,0,0,0,0,0,0,0,0,0,0,0,0,0,0,0,0,0,0,B
0,0,0,0,0,0,0,0,0,0,0,0,0,0,0,0,0,0,0,0,0,0,0,0,0,B
0,0,0,0,0,0,0,0,0,0,0,0,0,0,0,0,0,0,0,0,0,0,0,0,0,B
0,0,0,0,0,0,0,0,0,0,0,0,0,0,0,0,0,0,0,0,0,0,0,0,0,A
0,0,0,0,0,0,0,0,0,0,0,0,0,0,0,0,0,0,0,0,0,0,0,0,0,A
0,0,0,0,4.815916936,4.815916936,0,0,0,0,0,0,0,0,0,0,0,0,0,0,0,0,5.078951341,0,0,C
16.92381774,0,0,0,0,0,0,0,0,0,0,0,0,0,0,0,0,0,0,4.078951341,0,0,0,0,0,A
29.61668104,0,0,4.078951341,0,4.815916936,0,0,0,0,4.593524514,0,0,0,0,0,0,0,0,0,0,0,0,0,0,C
0,0,0,0,0,0,0,0,0,0,0,0,0,0,0,0,0,0,0,0,0,0,0,0,0,B
0,0,0,0,0,0,0,0,0,0,0,0,0,0,0,0,0,0,0,0,0,0,0,0,0,B
